"zip","id","formattedAddress","addressLine1","city","state","zipCode","county","latitude","longitude","propertyType","listingType","bedrooms","bathrooms","squareFootage","lotSize","yearBuilt","status","price","listedDate","removedDate","daysOnMarket","addressLine2"
"1","3024-Shannon-Rd,-Blackstock,-SC-29014","3024 Shannon Rd, Blackstock, SC 29014","3024 Shannon Rd","Blackstock","SC","29014","Chester",34.5674,-81.1298,"Single Family","Standard",3,3,2780,NA,NA,"Inactive",4895,"2025-08-24T00:00:00.000Z","2025-08-25T00:00:00.000Z",1,NA
"1","3046-Shannon-Rd,-Blackstock,-SC-29014","3046 Shannon Rd, Blackstock, SC 29014","3046 Shannon Rd","Blackstock","SC","29014","Chester",34.5638,-81.1294,"Single Family","Standard",4,2,1038,NA,2022,"Inactive",1795,"2025-08-23T00:00:00.000Z","2025-08-24T00:00:00.000Z",1,NA
"1","3046-Shannon-Rd,-Chester,-SC-29014","3046 Shannon Rd, Chester, SC 29014","3046 Shannon Rd","Chester","SC","29014","Chester",34.5638,-81.129,"Manufactured",NA,4,2,NA,108900,2022,"Inactive",1695,"2023-04-25T00:00:00.000Z","2023-05-24T00:00:00.000Z",29,NA
"1","153-155-157-W-End-St,-Chester,-SC-29706","153-155-157 W End St, Chester, SC 29706","153-155-157 W End St","Chester","SC","29706","Chester",34.7022,-81.2207,"Apartment","Standard",2,1.5,838,NA,1970,"Active",895,"2024-05-10T00:00:00.000Z","list()",573,NA
"1","200-York-St,-Apt-G2,-Chester,-SC-29706","200 York St, Apt G2, Chester, SC 29706","200 York St","Chester","SC","29706","Chester",34.7177,-81.2074,"Apartment","Standard",2,1,750,NA,1960,"Active",825,"2025-11-20T00:00:00.000Z","list()",14,"Apt G2"
"1","200-York-St,-Apt-F2,-Chester,-SC-29706","200 York St, Apt F2, Chester, SC 29706","200 York St","Chester","SC","29706","Chester",34.7173,-81.2075,"Apartment","Standard",2,1,750,NA,1960,"Active",825,"2025-11-20T00:00:00.000Z","list()",14,"Apt F2"
"1","152-Gregg-St,-Unit-B,-Chester,-SC-29706","152 Gregg St, Unit B, Chester, SC 29706","152 Gregg St","Chester","SC","29706","Chester",34.7166,-81.2053,"Townhouse","Standard",2,1.5,923,NA,NA,"Active",1350,"2025-11-13T00:00:00.000Z","list()",21,"Unit B"
"1","120-Main-St,-Chester,-SC-29706","120 Main St, Chester, SC 29706","120 Main St","Chester","SC","29706","Chester",34.7054,-81.214,"Apartment","Standard",1,1,700,NA,NA,"Active",772,"2025-02-27T00:00:00.000Z","list()",280,NA
"1","200-York-St,-Apt-G4,-Chester,-SC-29706","200 York St, Apt G4, Chester, SC 29706","200 York St","Chester","SC","29706","Chester",34.7179,-81.2074,"Apartment","Standard",2,1,750,NA,1960,"Active",825,"2025-11-20T00:00:00.000Z","list()",14,"Apt G4"
"1","107-Pine-St,-Chester,-SC-29706","107 Pine St, Chester, SC 29706","107 Pine St","Chester","SC","29706","Chester",34.71,-81.2115,"Single Family","Standard",3,2,1900,21780,1921,"Active",1395,"2025-12-03T00:00:00.000Z","list()",1,NA
"1","113-Mill-St,-Chester,-SC-29706","113 Mill St, Chester, SC 29706","113 Mill St","Chester","SC","29706","Chester",34.7075,-81.2202,"Apartment","Standard",2,1,700,NA,NA,"Active",850,"2025-12-03T00:00:00.000Z","list()",1,NA
"1","1684-Fire-Tower-Rd,-Chester,-SC-29706","1684 Fire Tower Rd, Chester, SC 29706","1684 Fire Tower Rd","Chester","SC","29706","Chester",34.6478,-81.1203,"Single Family","Standard",3,2,1550,NA,NA,"Active",1900,"2025-12-03T00:00:00.000Z","list()",1,NA
"1","106-Brawley-St,-Chester,-SC-29706","106 Brawley St, Chester, SC 29706","106 Brawley St","Chester","SC","29706","Chester",34.7127,-81.2049,"Single Family","Standard",3,1,NA,NA,NA,"Active",1350,"2025-11-18T00:00:00.000Z","list()",14,NA
"1","100-102-104-Hemphill-Ave,-Chester,-SC-29706","100-102-104 Hemphill Ave, Chester, SC 29706","100-102-104 Hemphill Ave","Chester","SC","29706","Chester",34.7111,-81.2121,"Apartment","Standard",2,1,825,NA,1994,"Inactive",895,"2025-05-06T00:00:00.000Z","2025-11-19T00:00:00.000Z",197,NA
"1","112-Hemphill-Ave,-Chester,-SC-29706","112 Hemphill Ave, Chester, SC 29706","112 Hemphill Ave","Chester","SC","29706","Chester",34.7122,-81.211,"Apartment","Standard",2,1,825,NA,1994,"Inactive",795,"2024-12-17T00:00:00.000Z","2025-11-19T00:00:00.000Z",337,NA
"1","113-Brawley-St,-Chester,-SC-29706","113 Brawley St, Chester, SC 29706","113 Brawley St","Chester","SC","29706","Chester",34.714,-81.205,"Single Family","Standard",3,1,1738,22651,1960,"Inactive",1800,"2025-11-03T00:00:00.000Z","2025-11-15T00:00:00.000Z",12,NA
"1","200-York-St,-Apt-A1,-Chester,-SC-29706","200 York St, Apt A1, Chester, SC 29706","200 York St","Chester","SC","29706","Chester",34.7168,-81.2064,"Condo","Standard",2,1,750,NA,NA,"Inactive",825,"2025-11-12T00:00:00.000Z","2025-11-13T00:00:00.000Z",1,"Apt A1"
"1","200-York-St,-Apt-R2,-Chester,-SC-29706","200 York St, Apt R2, Chester, SC 29706","200 York St","Chester","SC","29706","Chester",34.7176,-81.2069,"Condo","Standard",2,1,750,NA,NA,"Inactive",825,"2025-11-04T00:00:00.000Z","2025-11-05T00:00:00.000Z",1,"Apt R2"
"1","200-York-St,-Apt-K2,-Chester,-SC-29706","200 York St, Apt K2, Chester, SC 29706","200 York St","Chester","SC","29706","Chester",34.7185,-81.2067,"Condo","Standard",2,1,750,NA,NA,"Inactive",825,"2025-10-23T00:00:00.000Z","2025-10-24T00:00:00.000Z",1,"Apt K2"
"1","102-Juliet-St,-Chester,-SC-29706","102 Juliet St, Chester, SC 29706","102 Juliet St","Chester","SC","29706","Chester",34.7095,-81.2143,"Single Family","Standard",2,1,800,NA,NA,"Inactive",1095,"2025-10-22T00:00:00.000Z","2025-10-23T00:00:00.000Z",1,NA
"1","200-York-St,-Apt-C3,-Chester,-SC-29706","200 York St, Apt C3, Chester, SC 29706","200 York St","Chester","SC","29706","Chester",34.7167,-81.2072,"Condo","Standard",2,1,750,NA,NA,"Inactive",825,"2025-10-17T00:00:00.000Z","2025-10-18T00:00:00.000Z",1,"Apt C3"
"1","116-Church-St,-Apt-4,-Chester,-SC-29706","116 Church St, Apt 4, Chester, SC 29706","116 Church St","Chester","SC","29706","Chester",34.7035,-81.2108,"Apartment","Standard",1,1,700,NA,NA,"Inactive",1200,"2024-10-29T00:00:00.000Z","2025-10-04T00:00:00.000Z",340,"Apt 4"
"1","103-Culp-St,-Chester,-SC-29706","103 Culp St, Chester, SC 29706","103 Culp St","Chester","SC","29706","Chester",34.7072,-81.2104,"Single Family","Standard",2,1,913,2526,NA,"Inactive",1125,"2025-07-30T00:00:00.000Z","2025-09-20T00:00:00.000Z",52,NA
"1","200-York-St,-Apt-L4,-Chester,-SC-29706","200 York St, Apt L4, Chester, SC 29706","200 York St","Chester","SC","29706","Chester",34.7186,-81.2061,"Apartment","Standard",2,1,750,NA,NA,"Inactive",825,"2025-07-28T00:00:00.000Z","2025-09-19T00:00:00.000Z",53,"Apt L4"
"1","116-Church-St,-Apt-2,-Chester,-SC-29706","116 Church St, Apt 2, Chester, SC 29706","116 Church St","Chester","SC","29706","Chester",34.7035,-81.2108,"Apartment","Standard",1,1,600,15682,NA,"Inactive",1200,"2025-07-21T00:00:00.000Z","2025-09-13T00:00:00.000Z",54,"Apt 2"
"1","134-Saluda-St,-Unit-A,-Chester,-SC-29706","134 Saluda St, Unit A, Chester, SC 29706","134 Saluda St","Chester","SC","29706","Chester",34.7093,-81.2089,"Single Family","Standard",2,1.5,NA,24394,NA,"Inactive",1100,"2025-08-01T00:00:00.000Z","2025-09-11T00:00:00.000Z",41,"Unit A"
"1","200-York-St,-Apt-S5,-Chester,-SC-29706","200 York St, Apt S5, Chester, SC 29706","200 York St","Chester","SC","29706","Chester",34.718,-81.2065,"Single Family","Standard",2,1,750,NA,NA,"Inactive",825,"2025-04-01T00:00:00.000Z","2025-09-05T00:00:00.000Z",157,"Apt S5"
"1","200-York-St,-Apt-K4,-Chester,-SC-29706","200 York St, Apt K4, Chester, SC 29706","200 York St","Chester","SC","29706","Chester",34.7184,-81.2065,"Apartment","Standard",2,1,750,NA,NA,"Inactive",825,"2025-07-28T00:00:00.000Z","2025-08-30T00:00:00.000Z",33,"Apt K4"
"1","116-Church-St,-Apt-3,-Chester,-SC-29706","116 Church St, Apt 3, Chester, SC 29706","116 Church St","Chester","SC","29706","Chester",34.7035,-81.2108,"Apartment","Standard",1,1,700,15682,NA,"Inactive",1400,"2024-08-30T00:00:00.000Z","2025-08-08T00:00:00.000Z",343,"Apt 3"
"1","536-Devine-St,-Chester,-SC-29706","536 Devine St, Chester, SC 29706","536 Devine St","Chester","SC","29706","Chester",34.707,-81.2384,"Single Family","Standard",3,1,1320,NA,NA,"Inactive",1275,"2025-07-08T00:00:00.000Z","2025-08-08T00:00:00.000Z",31,NA
"1","515-Richards-Rd,-Chester,-SC-29706","515 Richards Rd, Chester, SC 29706","515 Richards Rd","Chester","SC","29706","Chester",34.7102,-81.186,"Single Family","Standard",3,1,1278,12632,NA,"Inactive",1700,"2025-07-17T00:00:00.000Z","2025-08-06T00:00:00.000Z",20,NA
"1","200-York-St,-Apt-D4,-Chester,-SC-29706","200 York St, Apt D4, Chester, SC 29706","200 York St","Chester","SC","29706","Chester",34.7167,-81.2077,"Single Family","Standard",2,1,750,NA,1960,"Inactive",825,"2025-06-23T00:00:00.000Z","2025-07-31T00:00:00.000Z",38,"Apt D4"
"1","200-York-St,-Apt-D2,-Chester,-SC-29706","200 York St, Apt D2, Chester, SC 29706","200 York St","Chester","SC","29706","Chester",34.7166,-81.2076,"Single Family","Standard",2,1,750,NA,NA,"Inactive",825,"2025-06-23T00:00:00.000Z","2025-07-31T00:00:00.000Z",38,"Apt D2"
"1","200-York-St,-Apt-S1,-Chester,-SC-29706","200 York St, Apt S1, Chester, SC 29706","200 York St","Chester","SC","29706","Chester",34.7179,-81.2068,"Apartment","Standard",2,1,750,NA,NA,"Inactive",825,"2025-07-07T00:00:00.000Z","2025-07-31T00:00:00.000Z",24,"Apt S1"
"1","200-York-St,-Apt-O2,-Chester,-SC-29706","200 York St, Apt O2, Chester, SC 29706","200 York St","Chester","SC","29706","Chester",34.7174,-81.2065,"Single Family","Standard",2,1,750,NA,NA,"Inactive",825,"2025-06-23T00:00:00.000Z","2025-07-23T00:00:00.000Z",30,"Apt O2"
"1","200-York-St,-Apt-M3,-Chester,-SC-29706","200 York St, Apt M3, Chester, SC 29706","200 York St","Chester","SC","29706","Chester",34.7178,-81.2061,"Apartment","Standard",2,1,750,NA,NA,"Inactive",825,"2025-06-05T00:00:00.000Z","2025-07-09T00:00:00.000Z",34,"Apt M3"
"1","200-York-St,-Apt-M4,-Chester,-SC-29706","200 York St, Apt M4, Chester, SC 29706","200 York St","Chester","SC","29706","Chester",34.7178,-81.2061,"Single Family","Standard",2,1,750,NA,NA,"Inactive",825,"2025-03-05T00:00:00.000Z","2025-06-11T00:00:00.000Z",98,"Apt M4"
"1","641-Stamie-Dr,-Chester,-SC-29706","641 Stamie Dr, Chester, SC 29706","641 Stamie Dr","Chester","SC","29706","Chester",34.6823,-81.1873,"Single Family","Standard",3,1.5,1580,NA,NA,"Inactive",1499,"2025-05-30T00:00:00.000Z","2025-05-31T00:00:00.000Z",1,NA
"1","200-York-St,-Apt-R1,-Chester,-SC-29706","200 York St, Apt R1, Chester, SC 29706","200 York St","Chester","SC","29706","Chester",34.7175,-81.207,"Apartment","Standard",2,1,750,NA,NA,"Inactive",825,"2025-04-01T00:00:00.000Z","2025-05-23T00:00:00.000Z",52,"Apt R1"
"1","200-York-St,-Apt-H1,-Chester,-SC-29706","200 York St, Apt H1, Chester, SC 29706","200 York St","Chester","SC","29706","Chester",34.7181,-81.2073,"Apartment","Standard",2,1,750,NA,NA,"Inactive",825,"2025-04-01T00:00:00.000Z","2025-05-17T00:00:00.000Z",46,"Apt H1"
"1","130-Ella-St,-Unit-5,-Chester,-SC-29706","130 Ella St, Unit 5, Chester, SC 29706","130 Ella St","Chester","SC","29706","Chester",34.6965,-81.2114,"Single Family","Standard",0,1,350,NA,NA,"Inactive",1150,"2024-12-20T00:00:00.000Z","2025-05-11T00:00:00.000Z",142,"Unit 5"
"1","100-White-Oak-St,-Chester,-SC-29706","100 White Oak St, Chester, SC 29706","100 White Oak St","Chester","SC","29706","Chester",34.7057,-81.2022,"Single Family","Standard",3,2,1438,10019,1947,"Inactive",1500,"2025-03-19T00:00:00.000Z","2025-05-04T00:00:00.000Z",46,NA
"1","114-Gaston-St,-Chester,-SC-29706","114 Gaston St, Chester, SC 29706","114 Gaston St","Chester","SC","29706","Chester",34.7137,-81.2107,"Single Family","Standard",3,2,768,NA,NA,"Inactive",1350,"2025-05-01T00:00:00.000Z","2025-05-02T00:00:00.000Z",1,NA
"1","2261-Wooten-Rd,-Chester,-SC-29706","2261 Wooten Rd, Chester, SC 29706","2261 Wooten Rd","Chester","SC","29706","Chester",34.8004,-81.1113,"Single Family","Standard",4,3.5,2976,NA,NA,"Inactive",3000,"2025-04-29T00:00:00.000Z","2025-04-30T00:00:00.000Z",1,NA
"1","152-Gregg-St-Ext,-Chester,-SC-29706","152 Gregg St Ext, Chester, SC 29706","152 Gregg St Ext","Chester","SC","29706","Chester",34.7166,-81.2054,"Townhouse","New Construction",2,2,924,NA,2024,"Inactive",1300,"2025-03-26T00:00:00.000Z","2025-04-25T00:00:00.000Z",30,NA
"1","200-York-St,-Apt-L3,-Chester,-SC-29706","200 York St, Apt L3, Chester, SC 29706","200 York St","Chester","SC","29706","Chester",34.7186,-81.2061,"Apartment","Standard",2,1,750,NA,NA,"Inactive",825,"2025-04-01T00:00:00.000Z","2025-04-10T00:00:00.000Z",9,"Apt L3"
"1","200-York-St,-Apt-K6,-Chester,-SC-29706","200 York St, Apt K6, Chester, SC 29706","200 York St","Chester","SC","29706","Chester",34.7183,-81.2063,"Apartment","Standard",2,1,750,NA,NA,"Inactive",825,"2025-02-14T00:00:00.000Z","2025-03-21T00:00:00.000Z",35,"Apt K6"
"1","571-State-Rd,-210,-Chester,-SC-29706","571 State Rd, 210, Chester, SC 29706","571 State Rd","Chester","SC","29706","Chester",34.7143,-81.1948,"Single Family","Standard",2,1,1120,NA,NA,"Inactive",1200,"2025-01-28T00:00:00.000Z","2025-03-20T00:00:00.000Z",51,"210"
"1","200-York-St,-Apt-L2,-Chester,-SC-29706","200 York St, Apt L2, Chester, SC 29706","200 York St","Chester","SC","29706","Chester",34.7185,-81.2062,"Apartment","Standard",2,1,750,NA,NA,"Inactive",825,"2025-03-04T00:00:00.000Z","2025-03-15T00:00:00.000Z",11,"Apt L2"
"1","200-York-St,-Apt-C1,-Chester,-SC-29706","200 York St, Apt C1, Chester, SC 29706","200 York St","Chester","SC","29706","Chester",34.7168,-81.2071,"Apartment","Standard",2,1,750,NA,NA,"Inactive",825,"2025-02-19T00:00:00.000Z","2025-03-07T00:00:00.000Z",16,"Apt C1"
"1","612-Ballard-St,-Chester,-SC-29706","612 Ballard St, Chester, SC 29706","612 Ballard St","Chester","SC","29706","Chester",34.7221,-81.1899,"Single Family","Standard",2,1,1323,NA,NA,"Inactive",1300,"2025-03-04T00:00:00.000Z","2025-03-05T00:00:00.000Z",1,NA
"1","200-York-St,-Apt-M1,-Chester,-SC-29706","200 York St, Apt M1, Chester, SC 29706","200 York St","Chester","SC","29706","Chester",34.7179,-81.2063,"Apartment","Standard",2,1,750,NA,NA,"Inactive",825,"2025-02-19T00:00:00.000Z","2025-03-04T00:00:00.000Z",13,"Apt M1"
"1","549-5th-St,-Chester,-SC-29706","549 5th St, Chester, SC 29706","549 5th St","Chester","SC","29706","Chester",34.7174,-81.1944,"Single Family","Standard",2,1,1020,NA,NA,"Inactive",1175,"2024-12-19T00:00:00.000Z","2025-03-03T00:00:00.000Z",74,NA
"1","150-Gregg-Street-Ext,-Chester,-SC-29706","150 Gregg Street Ext, Chester, SC 29706","150 Gregg Street Ext","Chester","SC","29706","Chester",34.7165,-81.2055,"Townhouse","New Construction",2,1.5,923,740520,2024,"Inactive",1250,"2025-01-28T00:00:00.000Z","2025-03-02T00:00:00.000Z",33,NA
"1","150-Gregg-Street-Ext,-Unit-B,-Chester,-SC-29706","150 Gregg Street Ext, Unit B, Chester, SC 29706","150 Gregg Street Ext","Chester","SC","29706","Chester",34.7171,-81.2051,"Townhouse","New Construction",2,1.5,923,740520,2024,"Inactive",1250,"2025-01-28T00:00:00.000Z","2025-02-26T00:00:00.000Z",29,"Unit B"
"1","200-York-St,-Apt-E4,-Chester,-SC-29706","200 York St, Apt E4, Chester, SC 29706","200 York St","Chester","SC","29706","Chester",34.717,-81.2075,"Apartment","Standard",2,1,750,NA,NA,"Inactive",825,"2025-02-14T00:00:00.000Z","2025-02-20T00:00:00.000Z",6,"Apt E4"
"1","200-York-St,-Apt-L1,-Chester,-SC-29706","200 York St, Apt L1, Chester, SC 29706","200 York St","Chester","SC","29706","Chester",34.7184,-81.2062,"Single Family","Standard",2,1,750,NA,NA,"Inactive",825,"2025-02-03T00:00:00.000Z","2025-02-20T00:00:00.000Z",17,"Apt L1"
"1","200-York-St,-Apt-B1,-Chester,-SC-29706","200 York St, Apt B1, Chester, SC 29706","200 York St","Chester","SC","29706","Chester",34.7169,-81.2067,"Apartment","Standard",2,1,750,NA,NA,"Inactive",825,"2025-01-08T00:00:00.000Z","2025-02-15T00:00:00.000Z",38,"Apt B1"
"1","114-Gaston-St,-Unit-Home,-Chester,-SC-29706","114 Gaston St, Unit Home, Chester, SC 29706","114 Gaston St","Chester","SC","29706","Chester",34.7137,-81.2107,"Single Family","Standard",3,1,1000,NA,NA,"Inactive",1450,"2022-07-22T00:00:00.000Z","2025-02-07T00:00:00.000Z",931,"Unit Home"
"1","150-Gregg-St,-Unit-B,-Chester,-SC-29706","150 Gregg St, Unit B, Chester, SC 29706","150 Gregg St","Chester","SC","29706","Chester",34.7171,-81.2051,"Townhouse","New Construction",2,1.5,923,740520,2024,"Inactive",1250,"2025-01-28T00:00:00.000Z","2025-02-06T00:00:00.000Z",9,"Unit B"
"1","107-Nichols-St,-Chester,-SC-29706","107 Nichols St, Chester, SC 29706","107 Nichols St","Chester","SC","29706","Chester",34.7081,-81.2085,"Single Family","Standard",2,1,1205,16117,NA,"Inactive",850,"2025-01-16T00:00:00.000Z","2025-01-30T00:00:00.000Z",14,NA
"1","130-Ella-St,-Chester,-SC-29706","130 Ella St, Chester, SC 29706","130 Ella St","Chester","SC","29706","Chester",34.6965,-81.2114,"Single Family","Standard",1,1,NA,NA,NA,"Inactive",1100,"2025-01-25T00:00:00.000Z","2025-01-27T00:00:00.000Z",2,NA
"1","111-Saluda-St,-Apt-T1,-Chester,-SC-29706","111 Saluda St, Apt T1, Chester, SC 29706","111 Saluda St","Chester","SC","29706","Chester",34.7072,-81.2109,"Townhouse","Standard",2,1,750,NA,NA,"Inactive",950,"2025-01-24T00:00:00.000Z","2025-01-25T00:00:00.000Z",1,"Apt T1"
"1","130-Ella-St,-Unit-4,-Chester,-SC-29706","130 Ella St, Unit 4, Chester, SC 29706","130 Ella St","Chester","SC","29706","Chester",34.6965,-81.2114,"Single Family","Standard",1,1,300,NA,NA,"Inactive",950,"2024-12-20T00:00:00.000Z","2025-01-07T00:00:00.000Z",18,"Unit 4"
"1","200-York-St,-Apt-G1,-Chester,-SC-29706","200 York St, Apt G1, Chester, SC 29706","200 York St","Chester","SC","29706","Chester",34.7176,-81.2075,"Multi-Family","Standard",2,1,750,NA,NA,"Inactive",795,"2024-12-14T00:00:00.000Z","2024-12-15T00:00:00.000Z",1,"Apt G1"
"1","200-York-St,-Apt-F4,-Chester,-SC-29706","200 York St, Apt F4, Chester, SC 29706","200 York St","Chester","SC","29706","Chester",34.7174,-81.2075,"Multi-Family","Standard",2,1,750,NA,NA,"Inactive",795,"2024-12-14T00:00:00.000Z","2024-12-15T00:00:00.000Z",1,"Apt F4"
"1","103-Walker-St,-Chester,-SC-29706","103 Walker St, Chester, SC 29706","103 Walker St","Chester","SC","29706","Chester",34.7072,-81.2152,"Single Family","Standard",2,1,1029,NA,NA,"Inactive",1250,"2024-12-14T00:00:00.000Z","2024-12-15T00:00:00.000Z",1,NA
"1","200-York-St,-Chester,-SC-29706","200 York St, Chester, SC 29706","200 York St","Chester","SC","29706","Chester",34.7176,-81.2069,"Apartment","Standard",2,1,750,NA,NA,"Inactive",795,"2024-12-03T00:00:00.000Z","2024-12-06T00:00:00.000Z",3,NA
"1","572-2nd-St,-Chester,-SC-29706","572 2nd St, Chester, SC 29706","572 2nd St","Chester","SC","29706","Chester",34.7144,-81.1943,"Single Family","Standard",2,1,1183,NA,NA,"Inactive",1100,"2024-11-28T00:00:00.000Z","2024-11-29T00:00:00.000Z",1,NA
"1","200-York-St,-Apt-D3,-Chester,-SC-29706","200 York St, Apt D3, Chester, SC 29706","200 York St","Chester","SC","29706","Chester",34.7166,-81.2076,"Multi-Family","Standard",2,1,750,NA,NA,"Inactive",795,"2024-10-31T00:00:00.000Z","2024-11-01T00:00:00.000Z",1,"Apt D3"
"1","200-York-St,-Apt-Q1,-Chester,-SC-29706","200 York St, Apt Q1, Chester, SC 29706","200 York St","Chester","SC","29706","Chester",34.7173,-81.2069,"Multi-Family","Standard",2,1,750,NA,NA,"Inactive",825,"2024-10-11T00:00:00.000Z","2024-10-12T00:00:00.000Z",1,"Apt Q1"
"1","200-York-St,-Apt-B3,-Chester,-SC-29706","200 York St, Apt B3, Chester, SC 29706","200 York St","Chester","SC","29706","Chester",34.7169,-81.2069,"Multi-Family","Standard",2,1,750,NA,NA,"Inactive",825,"2024-09-13T00:00:00.000Z","2024-09-14T00:00:00.000Z",1,"Apt B3"
"1","961-Pine-Ridge-Rd,-Chester,-SC-29706","961 Pine Ridge Rd, Chester, SC 29706","961 Pine Ridge Rd","Chester","SC","29706","Chester",34.7111,-81.2467,"Single Family","Standard",3,2.5,1300,24829,2022,"Inactive",1850,"2024-08-08T00:00:00.000Z","2024-08-30T00:00:00.000Z",22,NA
"1","200-York-St,-Apt-P4,-Chester,-SC-29706","200 York St, Apt P4, Chester, SC 29706","200 York St","Chester","SC","29706","Chester",34.7172,-81.2067,"Multi-Family","Standard",2,1,750,NA,NA,"Inactive",795,"2024-08-27T00:00:00.000Z","2024-08-28T00:00:00.000Z",1,"Apt P4"
"1","114-Brawley-St,-Chester,-SC-29706","114 Brawley St, Chester, SC 29706","114 Brawley St","Chester","SC","29706","Chester",34.7133,-81.2054,"Single Family","Standard",3,2,1780,12632,1922,"Inactive",1695,"2024-07-05T00:00:00.000Z","2024-08-15T00:00:00.000Z",41,NA
"1","107-Pine-St,-Unit-A,-Chester,-SC-29706","107 Pine St, Unit A, Chester, SC 29706","107 Pine St","Chester","SC","29706","Chester",34.7099,-81.2116,"Condo","Standard",1,1,700,NA,1921,"Inactive",895,"2023-07-19T00:00:00.000Z","2024-08-06T00:00:00.000Z",384,"Unit A"
"1","200-York-St,-Apt-S4,-Chester,-SC-29706","200 York St, Apt S4, Chester, SC 29706","200 York St","Chester","SC","29706","Chester",34.718,-81.2066,"Multi-Family",NA,2,1,750,NA,NA,"Inactive",795,"2024-06-15T00:00:00.000Z","2024-07-26T00:00:00.000Z",41,"Apt S4"
"1","157-Walnut-St,-Chester,-SC-29706","157 Walnut St, Chester, SC 29706","157 Walnut St","Chester","SC","29706","Chester",34.7105,-81.208,"Single Family",NA,5,3,2300,NA,NA,"Inactive",2000,"2024-05-17T00:00:00.000Z","2024-07-25T00:00:00.000Z",69,NA
"1","779-Lowrys-Hwy,-Chester,-SC-29706","779 Lowrys Hwy, Chester, SC 29706","779 Lowrys Hwy","Chester","SC","29706","Chester",34.7142,-81.242,"Single Family",NA,3,2,1500,NA,NA,"Inactive",1550,"2022-05-25T00:00:00.000Z","2024-07-23T00:00:00.000Z",790,NA
"1","145-Lancaster-St,-Chester,-SC-29706","145 Lancaster St, Chester, SC 29706","145 Lancaster St","Chester","SC","29706","Chester",34.7048,-81.1993,"Single Family",NA,5,2,3016,36198,NA,"Inactive",1995,"2024-04-10T00:00:00.000Z","2024-07-19T00:00:00.000Z",100,NA
"1","200-York-St,-Apt-O6,-Chester,-SC-29706","200 York St, Apt O6, Chester, SC 29706","200 York St","Chester","SC","29706","Chester",34.7172,-81.2063,"Multi-Family",NA,2,1,750,NA,NA,"Inactive",795,"2024-07-11T00:00:00.000Z","2024-07-12T00:00:00.000Z",1,"Apt O6"
"1","200-York-St,-Apt-P3,-Chester,-SC-29706","200 York St, Apt P3, Chester, SC 29706","200 York St","Chester","SC","29706","Chester",34.7172,-81.2066,"Multi-Family",NA,2,1,750,NA,NA,"Inactive",795,"2024-06-15T00:00:00.000Z","2024-07-11T00:00:00.000Z",26,"Apt P3"
"1","2641-Armenia-Rd,-Chester,-SC-29706","2641 Armenia Rd, Chester, SC 29706","2641 Armenia Rd","Chester","SC","29706","Chester",34.7639,-81.2975,"Single Family",NA,3,2,1195,47045,1983,"Inactive",1495,"2024-02-27T00:00:00.000Z","2024-07-09T00:00:00.000Z",133,NA
"1","200-York-St,-Apt-E2,-Chester,-SC-29706","200 York St, Apt E2, Chester, SC 29706","200 York St","Chester","SC","29706","Chester",34.7169,-81.2077,"Multi-Family",NA,2,1,750,NA,NA,"Inactive",795,"2024-06-15T00:00:00.000Z","2024-06-20T00:00:00.000Z",5,"Apt E2"
"1","107-Pine-St,-Unit-B,-Chester,-SC-29706","107 Pine St, Unit B, Chester, SC 29706","107 Pine St","Chester","SC","29706","Chester",34.7099,-81.2116,"Condo",NA,1,1,700,435,1921,"Inactive",850,"2023-06-10T00:00:00.000Z","2024-06-09T00:00:00.000Z",365,"Unit B"
"1","2925-Chase-Run,-Chester,-SC-29706","2925 Chase Run, Chester, SC 29706","2925 Chase Run","Chester","SC","29706","Chester",34.7257,-81.1946,"Single Family",NA,1,1,NA,NA,NA,"Inactive",600,"2024-05-30T00:00:00.000Z","2024-06-03T00:00:00.000Z",4,NA
"1","556-6th-St,-Chester,-SC-29706","556 6th St, Chester, SC 29706","556 6th St","Chester","SC","29706","Chester",34.7163,-81.1921,"Single Family",NA,2,1,840,NA,NA,"Inactive",1150,"2024-05-03T00:00:00.000Z","2024-05-27T00:00:00.000Z",24,NA
"1","1668-Fire-Tower-Rd,-Chester,-SC-29706","1668 Fire Tower Rd, Chester, SC 29706","1668 Fire Tower Rd","Chester","SC","29706","Chester",34.648,-81.1198,"Single Family",NA,3,2,1373,NA,NA,"Inactive",1500,"2023-05-20T00:00:00.000Z","2024-05-19T00:00:00.000Z",365,NA
"1","200-York-St,-Apt-M6,-Chester,-SC-29706","200 York St, Apt M6, Chester, SC 29706","200 York St","Chester","SC","29706","Chester",34.7177,-81.2064,"Multi-Family",NA,2,1,750,NA,1960,"Inactive",795,"2024-04-19T00:00:00.000Z","2024-05-10T00:00:00.000Z",21,"Apt M6"
"1","107B-Pine-St,-Unit-B,-Chester,-SC-29706","107B Pine St, Unit B, Chester, SC 29706","107B Pine St","Chester","SC","29706","Chester",34.7099,-81.2116,"Apartment",NA,1,1,NA,11326,1921,"Inactive",895,"2023-11-28T00:00:00.000Z","2024-05-08T00:00:00.000Z",162,"Unit B"
"1","107A-Pine-Street-Ext,-Chester,-SC-29706","107A Pine Street Ext, Chester, SC 29706","107A Pine Street Ext","Chester","SC","29706","Chester",34.7099,-81.2116,"Apartment",NA,1,1,NA,11326,NA,"Inactive",995,"2024-02-20T00:00:00.000Z","2024-05-08T00:00:00.000Z",78,NA
"1","529-Ferrell-Ave,-Chester,-SC-29706","529 Ferrell Ave, Chester, SC 29706","529 Ferrell Ave","Chester","SC","29706","Chester",34.7049,-81.2493,"Single Family",NA,3,2,1684,NA,NA,"Inactive",1500,"2024-04-18T00:00:00.000Z","2024-05-08T00:00:00.000Z",20,NA
"1","113-Mill-St,-Apt-B6,-Chester,-SC-29706","113 Mill St, Apt B6, Chester, SC 29706","113 Mill St","Chester","SC","29706","Chester",34.7078,-81.2203,"Condo",NA,2,1,NA,NA,NA,"Inactive",895,"2024-02-23T00:00:00.000Z","2024-05-03T00:00:00.000Z",70,"Apt B6"
"1","2725-Dove-Ln,-Chester,-SC-29706","2725 Dove Ln, Chester, SC 29706","2725 Dove Ln","Chester","SC","29706","Chester",34.726,-81.1964,"Single Family",NA,2,2,NA,NA,NA,"Inactive",18499,"2024-03-14T00:00:00.000Z","2024-05-02T00:00:00.000Z",49,NA
"1","2852-Dottie-Ln,-Chester,-SC-29706","2852 Dottie Ln, Chester, SC 29706","2852 Dottie Ln","Chester","SC","29706","Chester",34.7266,-81.1958,"Single Family",NA,2,2,NA,NA,NA,"Inactive",10999,"2024-03-16T00:00:00.000Z","2024-04-19T00:00:00.000Z",34,NA
"1","1246-Liberty-Rd,-Unit-1,-Chester,-SC-29706","1246 Liberty Rd, Unit 1, Chester, SC 29706","1246 Liberty Rd","Chester","SC","29706","Chester",34.719,-81.2674,"Condo",NA,1,1,500,NA,NA,"Inactive",900,"2024-03-05T00:00:00.000Z","2024-04-13T00:00:00.000Z",39,"Unit 1"
"1","145-Lancaster-Ave,-Chester,-SC-29706","145 Lancaster Ave, Chester, SC 29706","145 Lancaster Ave","Chester","SC","29706","Chester",34.7048,-81.1993,"Single Family",NA,5,2,3016,NA,NA,"Inactive",2300,"2024-03-24T00:00:00.000Z","2024-04-10T00:00:00.000Z",17,NA
"1","2920-Chase-Run,-Chester,-SC-29706","2920 Chase Run, Chester, SC 29706","2920 Chase Run","Chester","SC","29706","Chester",34.7257,-81.1951,"Single Family",NA,3,2,NA,NA,NA,"Inactive",16499,"2024-03-16T00:00:00.000Z","2024-04-09T00:00:00.000Z",24,NA
"1","1040-Beechwood-Dr,-Unit-1,-Chester,-SC-29706","1040 Beechwood Dr, Unit 1, Chester, SC 29706","1040 Beechwood Dr","Chester","SC","29706","Chester",34.7158,-81.266,"Single Family",NA,1,1,500,NA,1985,"Inactive",900,"2024-02-19T00:00:00.000Z","2024-03-12T00:00:00.000Z",22,"Unit 1"
"1","2926-Chase-Run,-Chester,-SC-29706","2926 Chase Run, Chester, SC 29706","2926 Chase Run","Chester","SC","29706","Chester",34.7255,-81.195,"Single Family",NA,2,1,NA,NA,NA,"Inactive",19499,"2023-08-19T00:00:00.000Z","2024-02-24T00:00:00.000Z",189,NA
"1","545-4th-St,-Chester,-SC-29706","545 4th St, Chester, SC 29706","545 4th St","Chester","SC","29706","Chester",34.7161,-81.1938,"Single Family",NA,2,1,NA,10890,NA,"Inactive",1150,"2023-12-18T00:00:00.000Z","2024-02-11T00:00:00.000Z",55,NA
"1","2822-Dottie-Ln,-Chester,-SC-29706","2822 Dottie Ln, Chester, SC 29706","2822 Dottie Ln","Chester","SC","29706","Chester",34.7261,-81.1974,"Single Family",NA,3,2,NA,NA,NA,"Inactive",950,"2023-08-22T00:00:00.000Z","2024-02-06T00:00:00.000Z",168,NA
"1","3103-Annette-Ln,-Chester,-SC-29706","3103 Annette Ln, Chester, SC 29706","3103 Annette Ln","Chester","SC","29706","Chester",34.7257,-81.1965,"Single Family",NA,3,2,800,NA,NA,"Inactive",950,"2023-01-31T00:00:00.000Z","2024-01-31T00:00:00.000Z",365,NA
"1","961-Pine-Ridge-Rd,-Unit-6,-Chester,-SC-29706","961 Pine Ridge Rd, Unit 6, Chester, SC 29706","961 Pine Ridge Rd","Chester","SC","29706","Chester",34.7111,-81.2467,"Single Family",NA,3,2.5,1346,23958,2022,"Inactive",1700,"2023-12-18T00:00:00.000Z","2024-01-30T00:00:00.000Z",43,"Unit 6"
"1","102-Harris-St,-Chester,-SC-29706","102 Harris St, Chester, SC 29706","102 Harris St","Chester","SC","29706","Chester",34.7043,-81.2004,"Single Family",NA,2,1,NA,10890,NA,"Inactive",995,"2023-11-08T00:00:00.000Z","2024-01-27T00:00:00.000Z",80,NA
"1","502-Brendale-Dr,-Chester,-SC-29706","502 Brendale Dr, Chester, SC 29706","502 Brendale Dr","Chester","SC","29706","Chester",34.7186,-81.2075,"Single Family",NA,3,1,NA,10890,NA,"Inactive",1150,"2024-01-10T00:00:00.000Z","2024-01-27T00:00:00.000Z",17,NA
"1","2911-Chase-Run,-Chester,-SC-29706","2911 Chase Run, Chester, SC 29706","2911 Chase Run","Chester","SC","29706","Chester",34.7264,-81.1949,"Single Family",NA,2,2,NA,NA,NA,"Inactive",875,"2023-12-20T00:00:00.000Z","2024-01-16T00:00:00.000Z",27,NA
"1","175-York-St,-Chester,-SC-29706","175 York St, Chester, SC 29706","175 York St","Chester","SC","29706","Chester",34.7148,-81.2065,"Single Family",NA,3,2.5,1368,25178,2023,"Inactive",1900,"2023-10-20T00:00:00.000Z","2023-12-04T00:00:00.000Z",45,NA
"1","2710-Dove-Ln,-Chester,-SC-29706","2710 Dove Ln, Chester, SC 29706","2710 Dove Ln","Chester","SC","29706","Chester",34.7253,-81.197,"Single Family",NA,3,2,NA,NA,NA,"Inactive",20000,"2023-08-19T00:00:00.000Z","2023-11-22T00:00:00.000Z",95,NA
"1","2816-Dottie-Ln,-Chester,-SC-29706","2816 Dottie Ln, Chester, SC 29706","2816 Dottie Ln","Chester","SC","29706","Chester",34.7259,-81.1977,"Single Family",NA,2,2,NA,NA,NA,"Inactive",19900,"2023-08-19T00:00:00.000Z","2023-11-22T00:00:00.000Z",95,NA
"1","2834-Dottie-Ln,-Chester,-SC-29706","2834 Dottie Ln, Chester, SC 29706","2834 Dottie Ln","Chester","SC","29706","Chester",34.7263,-81.1968,"Single Family",NA,2,1,NA,NA,NA,"Inactive",18500,"2023-10-25T00:00:00.000Z","2023-11-22T00:00:00.000Z",28,NA
"1","2924-Chase-Run,-Chester,-SC-29706","2924 Chase Run, Chester, SC 29706","2924 Chase Run","Chester","SC","29706","Chester",34.7256,-81.1951,"Single Family",NA,3,2,980,NA,NA,"Inactive",17000,"2023-10-25T00:00:00.000Z","2023-11-22T00:00:00.000Z",28,NA
"1","2861-Dottie-Ln,-Chester,-SC-29706","2861 Dottie Ln, Chester, SC 29706","2861 Dottie Ln","Chester","SC","29706","Chester",34.7271,-81.1954,"Single Family",NA,3,2,NA,NA,NA,"Inactive",19500,"2023-10-25T00:00:00.000Z","2023-11-22T00:00:00.000Z",28,NA
"1","2829-Dottie-Ln,-Chester,-SC-29706","2829 Dottie Ln, Chester, SC 29706","2829 Dottie Ln","Chester","SC","29706","Chester",34.7266,-81.1971,"Single Family",NA,2,1,NA,NA,NA,"Inactive",19500,"2023-08-20T00:00:00.000Z","2023-11-18T00:00:00.000Z",90,NA
"1","1742-Orrs-Station-Rd,-Chester,-SC-29706","1742 Orrs Station Rd, Chester, SC 29706","1742 Orrs Station Rd","Chester","SC","29706","Chester",34.7065,-81.1182,"Single Family",NA,3,2,1870,NA,NA,"Inactive",2000,"2023-10-27T00:00:00.000Z","2023-11-16T00:00:00.000Z",20,NA
"1","107-Courtland-St,-Chester,-SC-29706","107 Courtland St, Chester, SC 29706","107 Courtland St","Chester","SC","29706","Chester",34.7055,-81.2276,"Single Family",NA,2,1,1170,NA,1950,"Inactive",925,"2023-09-21T00:00:00.000Z","2023-10-21T00:00:00.000Z",30,NA
"1","122-Henry-St,-Chester,-SC-29706","122 Henry St, Chester, SC 29706","122 Henry St","Chester","SC","29706","Chester",34.705,-81.2179,"Single Family",NA,3,2,1992,NA,NA,"Inactive",1200,"2023-09-28T00:00:00.000Z","2023-10-13T00:00:00.000Z",15,NA
"1","3107-Annette-Ln,-Chester,-SC-29706","3107 Annette Ln, Chester, SC 29706","3107 Annette Ln","Chester","SC","29706","Chester",34.7255,-81.1963,"Single Family",NA,3,2,NA,NA,NA,"Inactive",875,"2023-08-23T00:00:00.000Z","2023-09-26T00:00:00.000Z",34,NA
"1","2921-Chase-Run,-Chester,-SC-29706","2921 Chase Run, Chester, SC 29706","2921 Chase Run","Chester","SC","29706","Chester",34.7259,-81.1947,"Single Family",NA,3,2,NA,NA,NA,"Inactive",875,"2023-09-16T00:00:00.000Z","2023-09-24T00:00:00.000Z",8,NA
"1","2857-Dottie-Ln,-Chester,-SC-29706","2857 Dottie Ln, Chester, SC 29706","2857 Dottie Ln","Chester","SC","29706","Chester",34.727,-81.1957,"Single Family",NA,3,2,NA,NA,NA,"Inactive",875,"2023-09-09T00:00:00.000Z","2023-09-15T00:00:00.000Z",6,NA
"1","2830-Dottie-Ln,-Chester,-SC-29706","2830 Dottie Ln, Chester, SC 29706","2830 Dottie Ln","Chester","SC","29706","Chester",34.726,-81.1964,"Single Family",NA,2,1,NA,NA,NA,"Inactive",850,"2023-08-23T00:00:00.000Z","2023-08-25T00:00:00.000Z",2,NA
"1","113-Mill-St,-Apt-A7,-Chester,-SC-29706","113 Mill St, Apt A7, Chester, SC 29706","113 Mill St","Chester","SC","29706","Chester",34.7075,-81.2207,"Condo",NA,2,1,NA,NA,NA,"Inactive",750,"2023-02-22T00:00:00.000Z","2023-07-01T00:00:00.000Z",129,"Apt A7"
"1","2865-Dottie-Ln,-Chester,-SC-29706","2865 Dottie Ln, Chester, SC 29706","2865 Dottie Ln","Chester","SC","29706","Chester",34.7271,-81.1951,"Single Family",NA,2,2,NA,NA,NA,"Inactive",875,"2023-06-29T00:00:00.000Z","2023-07-01T00:00:00.000Z",2,NA
"1","2827-Dottie-Ln,-Chester,-SC-29706","2827 Dottie Ln, Chester, SC 29706","2827 Dottie Ln","Chester","SC","29706","Chester",34.7265,-81.1972,"Single Family",NA,2,2,NA,NA,NA,"Inactive",850,"2023-05-27T00:00:00.000Z","2023-06-21T00:00:00.000Z",25,NA
"1","134-Saluda-St,-Unit-2,-Chester,-SC-29706","134 Saluda St, Unit 2, Chester, SC 29706","134 Saluda St","Chester","SC","29706","Chester",34.7093,-81.2089,"Single Family",NA,2,1.5,1188,NA,NA,"Inactive",1000,"2023-06-02T00:00:00.000Z","2023-06-13T00:00:00.000Z",11,"Unit 2"
"1","102-Gaston-St,-Chester,-SC-29706","102 Gaston St, Chester, SC 29706","102 Gaston St","Chester","SC","29706","Chester",34.7126,-81.211,"Single Family",NA,3,1,1500,NA,NA,"Inactive",1300,"2023-04-21T00:00:00.000Z","2023-06-02T00:00:00.000Z",42,NA
"1","2840-Dottie-Ln,-Chester,-SC-29706","2840 Dottie Ln, Chester, SC 29706","2840 Dottie Ln","Chester","SC","29706","Chester",34.7264,-81.1965,"Single Family",NA,3,2,NA,NA,NA,"Inactive",875,"2023-05-27T00:00:00.000Z","2023-06-02T00:00:00.000Z",6,NA
"1","631-Dupree-St,-Chester,-SC-29706","631 Dupree St, Chester, SC 29706","631 Dupree St","Chester","SC","29706","Chester",34.7053,-81.2334,"Single Family",NA,2,1,NA,NA,NA,"Inactive",900,"2023-05-13T00:00:00.000Z","2023-05-27T00:00:00.000Z",14,NA
"1","2840-Dottie-Ln,-Unit-2840,-Chester,-SC-29706","2840 Dottie Ln, Unit 2840, Chester, SC 29706","2840 Dottie Ln","Chester","SC","29706","Chester",34.7264,-81.1965,"Single Family",NA,3,2,NA,NA,NA,"Inactive",875,"2023-05-26T00:00:00.000Z","2023-05-27T00:00:00.000Z",1,"Unit 2840"
"1","2827-Dottie-Ln,-Unit-2827,-Chester,-SC-29706","2827 Dottie Ln, Unit 2827, Chester, SC 29706","2827 Dottie Ln","Chester","SC","29706","Chester",34.7265,-81.1972,"Single Family",NA,2,2,NA,NA,NA,"Inactive",850,"2023-05-26T00:00:00.000Z","2023-05-27T00:00:00.000Z",1,"Unit 2827"
"1","Nicole-Ln,-Unit-3002,-Chester,-SC-29706","Nicole Ln, Unit 3002, Chester, SC 29706","Nicole Ln","Chester","SC","29706","Chester",34.7259,-81.196,"Single Family",NA,3,1,NA,NA,NA,"Inactive",825,"2021-06-07T00:51:55.302Z","2023-05-20T00:00:00.000Z",712,"Unit 3002"
"1","3104-Annette-Ln,-Chester,-SC-29706","3104 Annette Ln, Chester, SC 29706","3104 Annette Ln","Chester","SC","29706","Chester",34.7255,-81.1968,"Single Family",NA,3,2,NA,NA,NA,"Inactive",925,"2023-01-21T01:24:25.791Z","2023-05-20T00:00:00.000Z",119,NA
"1","130-College-St,-Chester,-SC-29706","130 College St, Chester, SC 29706","130 College St","Chester","SC","29706","Chester",34.7011,-81.2074,"Single Family",NA,2,1,1000,NA,NA,"Inactive",1000,"2023-05-16T00:00:00.000Z","2023-05-18T00:00:00.000Z",2,NA
"1","614-Maxie-Rd,-Chester,-SC-29706","614 Maxie Rd, Chester, SC 29706","614 Maxie Rd","Chester","SC","29706","Chester",34.7141,-81.1898,"Single Family",NA,3,2,1369,NA,NA,"Inactive",1300,"2023-01-13T00:00:00.000Z","2023-04-21T00:00:00.000Z",98,NA
"1","145-Jeter-St,-Chester,-SC-29706","145 Jeter St, Chester, SC 29706","145 Jeter St","Chester","SC","29706","Chester",34.7127,-81.2155,"Single Family",NA,2,1,1000,NA,NA,"Inactive",995,"2023-01-07T00:51:23.210Z","2023-03-18T00:00:00.000Z",70,NA
"1","121-Henry-St,-Chester,-SC-29706","121 Henry St, Chester, SC 29706","121 Henry St","Chester","SC","29706","Chester",34.7052,-81.2172,"Single Family",NA,2,1,904,NA,NA,"Inactive",900,"2023-02-21T00:00:00.000Z","2023-03-08T00:00:00.000Z",15,NA
"1","2743-Dove-Ln,-Chester,-SC-29706","2743 Dove Ln, Chester, SC 29706","2743 Dove Ln","Chester","SC","29706","Chester",34.7264,-81.1953,"Single Family",NA,2,1,NA,NA,NA,"Inactive",875,"2023-02-18T00:00:00.000Z","2023-02-26T00:00:00.000Z",8,NA
"1","149-Walnut-St,-Chester,-SC-29706","149 Walnut St, Chester, SC 29706","149 Walnut St","Chester","SC","29706","Chester",34.7091,-81.2066,"Single Family",NA,4,3,2765,NA,NA,"Inactive",1350,"2020-03-17T13:40:11.838Z","2023-02-15T00:00:00.000Z",1065,NA
"1","2711-Dove-Ln,-Chester,-SC-29706","2711 Dove Ln, Chester, SC 29706","2711 Dove Ln","Chester","SC","29706","Chester",34.7255,-81.1972,"Single Family",NA,2,2,NA,NA,NA,"Inactive",900,"2023-01-28T00:00:00.000Z","2023-02-14T00:00:00.000Z",17,NA
"1","118-1-2-Floyd-Grant-St,-Chester,-SC-29706","118 1/2 Floyd Grant St, Chester, SC 29706","118 1/2 Floyd Grant St","Chester","SC","29706","Chester",34.7069,-81.2194,"Single Family",NA,2,1,NA,NA,NA,"Inactive",950,"2023-01-25T01:23:17.000Z","2023-02-01T00:00:00.000Z",7,NA
"1","616-Mchord-St,-Chester,-SC-29706","616 Mchord St, Chester, SC 29706","616 Mchord St","Chester","SC","29706","Chester",34.7198,-81.1929,"Single Family",NA,2,1,1164,NA,NA,"Inactive",1175,"2022-10-15T21:52:46.000Z","2023-02-01T00:00:00.000Z",109,NA
"1","2836-Dottie-Ln,-Chester,-SC-29706","2836 Dottie Ln, Chester, SC 29706","2836 Dottie Ln","Chester","SC","29706","Chester",34.7264,-81.1967,"Single Family",NA,2,2,NA,NA,NA,"Inactive",875,"2022-12-17T00:48:23.000Z","2023-01-17T03:48:14.358Z",32,NA
"1","2838-Dottie-Ln,-Chester,-SC-29706","2838 Dottie Ln, Chester, SC 29706","2838 Dottie Ln","Chester","SC","29706","Chester",34.7264,-81.1966,"Single Family",NA,3,2,NA,NA,NA,"Inactive",950,"2022-12-29T13:25:57.000Z","2023-01-06T03:42:28.446Z",8,NA
"1","153-Saluda-St,-Chester,-SC-29706","153 Saluda St, Chester, SC 29706","153 Saluda St","Chester","SC","29706","Chester",34.7108,-81.206,"Single Family",NA,2,1,NA,NA,NA,"Inactive",1100,"2022-11-17T02:02:52.316Z","2022-12-24T03:49:14.071Z",38,NA
"1","2907-Chase-Run,-Chester,-SC-29706","2907 Chase Run, Chester, SC 29706","2907 Chase Run","Chester","SC","29706","Chester",34.7262,-81.1952,"Single Family",NA,2,2,NA,NA,NA,"Inactive",900,"2022-09-30T18:52:42.000Z","2022-12-21T03:49:58.184Z",82,NA
"1","113-Mill-St,-Apt-B5,-Chester,-SC-29706","113 Mill St, Apt B5, Chester, SC 29706","113 Mill St","Chester","SC","29706","Chester",34.7078,-81.2204,"Single Family",NA,2,1,NA,NA,NA,"Inactive",750,"2022-10-10T19:02:41.000Z","2022-12-16T03:49:07.726Z",67,"Apt B5"
"1","916-Edgewood-Cir,-Chester,-SC-29706","916 Edgewood Cir, Chester, SC 29706","916 Edgewood Cir","Chester","SC","29706","Chester",34.7382,-81.1603,"Single Family",NA,3,3,2194,NA,NA,"Inactive",1088,"2022-12-05T21:26:55.000Z","2022-12-15T03:49:14.999Z",10,NA
"1","1748-Saluda-Rd,-Chester,-SC-29706","1748 Saluda Rd, Chester, SC 29706","1748 Saluda Rd","Chester","SC","29706","Chester",34.7612,-81.1401,"Single Family",NA,3,2,NA,NA,NA,"Inactive",1300,"2020-07-09T01:04:46.463Z","2022-12-15T03:49:14.999Z",890,NA
"1","3003-Nicole-Ln,-Unit-3003NICOLE,-Chester,-SC-29706","3003 Nicole Ln, Unit 3003NICOLE, Chester, SC 29706","3003 Nicole Ln","Chester","SC","29706","Chester",34.726,-81.1957,"Single Family",NA,2,1,NA,NA,NA,"Inactive",850,"2022-11-01T07:42:55.000Z","2022-11-12T03:47:37.652Z",11,"Unit 3003NICOLE"
"1","Nicole-Ln,-Unit-3003,-Chester,-SC-29706","Nicole Ln, Unit 3003, Chester, SC 29706","Nicole Ln","Chester","SC","29706","Chester",34.726,-81.1957,"Single Family",NA,2,1,NA,NA,NA,"Inactive",850,"2021-06-16T00:05:18.753Z","2022-11-10T03:48:05.304Z",513,"Unit 3003"
"1","859-Linden-Dr,-Chester,-SC-29706","859 Linden Dr, Chester, SC 29706","859 Linden Dr","Chester","SC","29706","Chester",34.7122,-81.2448,"Single Family",NA,3,2,1220,17860,2022,"Inactive",1700,"2022-09-27T16:43:27.000Z","2022-11-06T03:46:38.539Z",40,NA
"1","180-Columbia-St,-Unit-A,-Chester,-SC-29706","180 Columbia St, Unit A, Chester, SC 29706","180 Columbia St","Chester","SC","29706","Chester",34.6995,-81.2084,"Multi-Family",NA,2,1,1200,NA,NA,"Inactive",950,"2022-08-24T00:19:11.000Z","2022-11-05T03:46:35.138Z",74,"Unit A"
"1","118-Floyd-Grant-St,-Chester,-SC-29706","118 Floyd Grant St, Chester, SC 29706","118 Floyd Grant St","Chester","SC","29706","Chester",34.707,-81.2193,"Single Family",NA,2,1,NA,NA,NA,"Inactive",1100,"2022-10-06T16:02:58.000Z","2022-10-14T03:47:34.765Z",8,NA
"1","516-Lee-St,-Chester,-SC-29706","516 Lee St, Chester, SC 29706","516 Lee St","Chester","SC","29706","Chester",34.705,-81.2323,"Single Family",NA,2,1,600,NA,NA,"Inactive",535,"2022-08-16T01:03:20.000Z","2022-09-13T03:27:54.013Z",29,NA
"1","675-Lancaster-St,-Chester,-SC-29706","675 Lancaster St, Chester, SC 29706","675 Lancaster St","Chester","SC","29706","Chester",34.7078,-81.1853,"Single Family",NA,3,1,1082,NA,NA,"Inactive",1450,"2022-08-04T00:01:00.365Z","2022-08-12T04:48:49.902Z",9,NA
"1","130-Ella-St,-Unit-3,-Chester,-SC-29706","130 Ella St, Unit 3, Chester, SC 29706","130 Ella St","Chester","SC","29706","Chester",34.6965,-81.2114,"Apartment",NA,1,1,NA,NA,NA,"Inactive",1100,"2022-05-12T01:11:03.368Z","2022-08-12T03:40:38.425Z",93,"Unit 3"
"1","2905-Chase-Run,-Chester,-SC-29706","2905 Chase Run, Chester, SC 29706","2905 Chase Run","Chester","SC","29706","Chester",34.7262,-81.1952,"Single Family",NA,2,1,NA,NA,NA,"Inactive",800,"2022-05-13T01:37:35.537Z","2022-08-12T03:31:58.591Z",92,NA
"1","130-Ella-St,-Unit-1,-Chester,-SC-29706","130 Ella St, Unit 1, Chester, SC 29706","130 Ella St","Chester","SC","29706","Chester",34.6965,-81.2114,"Apartment",NA,1,1,NA,NA,NA,"Inactive",1500,"2022-05-12T01:11:03.368Z","2022-08-12T03:22:54.262Z",93,"Unit 1"
"1","2858-Dottie-Ln,-Chester,-SC-29706","2858 Dottie Ln, Chester, SC 29706","2858 Dottie Ln","Chester","SC","29706","Chester",34.7253,-81.1977,"Single Family",NA,NA,NA,NA,NA,NA,"Inactive",805,"2022-05-04T02:07:59.422Z","2022-08-08T05:47:05.120Z",97,NA
"1","2855-Dottie-Ln,-Chester,-SC-29706","2855 Dottie Ln, Chester, SC 29706","2855 Dottie Ln","Chester","SC","29706","Chester",34.7256,-81.1977,"Single Family",NA,3,2,NA,NA,NA,"Inactive",805,"2022-04-08T00:31:39.934Z","2022-08-08T05:45:57.159Z",123,NA
"1","2848-Dottie-Ln,-Chester,-SC-29706","2848 Dottie Ln, Chester, SC 29706","2848 Dottie Ln","Chester","SC","29706","Chester",34.7261,-81.1978,"Single Family",NA,3,2,NA,NA,NA,"Inactive",800,"2022-05-01T01:22:03.459Z","2022-08-08T05:45:57.159Z",100,NA
"1","180-Columbia-St,-Unit-B,-Chester,-SC-29706","180 Columbia St, Unit B, Chester, SC 29706","180 Columbia St","Chester","SC","29706","Chester",34.6995,-81.2084,"Multi-Family",NA,1,1,775,NA,NA,"Inactive",800,"2021-10-26T01:48:47.558Z","2022-08-08T05:25:27.807Z",287,"Unit B"
"1","113-Mill-St,-Apt-A5,-Chester,-SC-29706","113 Mill St, Apt A5, Chester, SC 29706","113 Mill St","Chester","SC","29706","Chester",34.7074,-81.2207,"Single Family",NA,2,1,NA,NA,NA,"Inactive",695,"2022-02-26T01:00:30.214Z","2022-08-08T05:07:48.073Z",164,"Apt A5"
"1","2823-Dottie-Ln,-Chester,-SC-29706","2823 Dottie Ln, Chester, SC 29706","2823 Dottie Ln","Chester","SC","29706","Chester",34.7263,-81.1967,"Single Family",NA,3,2,NA,NA,NA,"Inactive",905,"2022-02-15T01:26:20.139Z","2022-08-08T05:07:48.073Z",175,NA
"1","106-Steinkuhler-St,-Unit-A,-Chester,-SC-29706","106 Steinkuhler St, Unit A, Chester, SC 29706","106 Steinkuhler St","Chester","SC","29706","Chester",34.7066,-81.2025,"Single Family",NA,3,2.5,1060,NA,NA,"Inactive",1100,"2022-03-05T01:19:47.197Z","2022-08-08T05:04:00.495Z",157,"Unit A"
"1","153-C-Saluda-St,-Chester,-SC-29706","153-C Saluda St, Chester, SC 29706","153-C Saluda St","Chester","SC","29706","Chester",34.7108,-81.206,"Single Family",NA,2,1,NA,NA,NA,"Inactive",695,"2021-12-24T02:03:04.756Z","2022-08-08T04:36:53.502Z",228,NA
"1","2863-Dottie-Ln,-Chester,-SC-29706","2863 Dottie Ln, Chester, SC 29706","2863 Dottie Ln","Chester","SC","29706","Chester",34.7254,-81.1972,"Single Family",NA,2,2,NA,NA,NA,"Inactive",785,"2021-12-14T01:58:41.734Z","2022-08-08T04:32:03.748Z",238,NA
"1","106-Academy-St,-Apt-B,-Chester,-SC-29706","106 Academy St, Apt B, Chester, SC 29706","106 Academy St","Chester","SC","29706","Chester",34.7088,-81.2141,"Condo",NA,2,1,NA,NA,NA,"Inactive",925,"2021-12-23T01:33:51.268Z","2022-08-08T04:26:14.178Z",229,"Apt B"
"1","2723-Dove-Ln,-Chester,-SC-29706","2723 Dove Ln, Chester, SC 29706","2723 Dove Ln","Chester","SC","29706","Chester",34.7252,-81.1974,"Single Family",NA,2,2,NA,NA,NA,"Inactive",740,"2021-11-11T01:42:20.792Z","2022-08-08T04:07:26.353Z",271,NA
"1","542-4th-St,-Chester,-SC-29706","542 4th St, Chester, SC 29706","542 4th St","Chester","SC","29706","Chester",34.716,-81.1942,"Single Family",NA,2,1,920,NA,NA,"Inactive",725,"2021-07-11T02:06:50.064Z","2022-08-08T04:06:05.527Z",394,NA
"1","2735-Dove-Ln,-Chester,-SC-29706","2735 Dove Ln, Chester, SC 29706","2735 Dove Ln","Chester","SC","29706","Chester",34.7253,-81.1974,"Single Family",NA,3,1.5,NA,NA,NA,"Inactive",760,"2021-11-06T01:15:15.777Z","2022-08-08T03:59:48.234Z",276,NA
"1","106-Academy-St,-Apt-A,-Chester,-SC-29706","106 Academy St, Apt A, Chester, SC 29706","106 Academy St","Chester","SC","29706","Chester",34.7088,-81.2141,"Condo",NA,3,1,NA,NA,NA,"Inactive",925,"2021-03-11T00:53:12.311Z","2022-08-08T03:47:58.515Z",516,"Apt A"
"1","2731-Dove-Ln,-Chester,-SC-29706","2731 Dove Ln, Chester, SC 29706","2731 Dove Ln","Chester","SC","29706","Chester",34.7252,-81.1974,"Single Family",NA,2,2,NA,NA,NA,"Inactive",740,"2021-10-20T01:39:11.900Z","2022-08-08T03:47:58.515Z",293,NA
"1","3008-Nicole-Ln,-Chester,-SC-29706","3008 Nicole Ln, Chester, SC 29706","3008 Nicole Ln","Chester","SC","29706","Chester",34.7259,-81.196,"Single Family",NA,2,2,NA,NA,NA,"Inactive",780,"2021-10-20T01:39:11.902Z","2022-08-08T03:46:49.261Z",293,NA
"1","Nicole-Ln,-Unit-3008,-Chester,-SC-29706","Nicole Ln, Unit 3008, Chester, SC 29706","Nicole Ln","Chester","SC","29706","Chester",34.7259,-81.196,"Single Family",NA,2,2,NA,NA,NA,"Inactive",780,"2021-10-15T02:15:22.568Z","2022-08-08T03:45:42.026Z",298,"Unit 3008"
"1","2731-Dove-Ln,-Unit-2731,-Chester,-SC-29706","2731 Dove Ln, Unit 2731, Chester, SC 29706","2731 Dove Ln","Chester","SC","29706","Chester",34.7252,-81.1974,"Single Family",NA,2,2,NA,NA,NA,"Inactive",780,"2021-09-29T01:26:46.648Z","2022-08-08T03:45:42.026Z",314,"Unit 2731"
"1","112-Hemphill-Ave,---214-216,-Chester,-SC-29706","112 Hemphill Ave, # 214-216, Chester, SC 29706","112 Hemphill Ave","Chester","SC","29706","Chester",34.7115,-81.2124,"Apartment",NA,2,1,NA,NA,NA,"Inactive",750,"2021-02-20T00:15:44.963Z","2022-08-08T03:43:28.471Z",535,"# 214-216"
"1","111-Foote-St,-Chester,-SC-29706","111 Foote St, Chester, SC 29706","111 Foote St","Chester","SC","29706","Chester",34.7133,-81.2086,"Single Family",NA,4,2,2381,NA,NA,"Inactive",1350,"2021-09-28T00:14:42.252Z","2022-08-08T03:37:46.472Z",315,NA
"1","2845-Dottie-Ln,-Unit-2845,-Chester,-SC-29706","2845 Dottie Ln, Unit 2845, Chester, SC 29706","2845 Dottie Ln","Chester","SC","29706","Chester",34.7258,-81.1976,"Single Family",NA,2,2,NA,NA,NA,"Inactive",780,"2021-06-18T02:06:29.306Z","2022-08-06T18:58:53.823Z",415,"Unit 2845"
"1","645-Stamie-Dr,-Chester,-SC-29706","645 Stamie Dr, Chester, SC 29706","645 Stamie Dr","Chester","SC","29706","Chester",34.6823,-81.1877,"Single Family",NA,3,1.5,1492,NA,NA,"Inactive",1150,"2021-05-23T00:40:39.756Z","2022-08-06T18:53:15.011Z",441,NA
"1","1890-Roberts-Rd,-Chester,-SC-29706","1890 Roberts Rd, Chester, SC 29706","1890 Roberts Rd","Chester","SC","29706","Chester",34.7643,-81.3085,"Single Family",NA,2,1,950,NA,NA,"Inactive",1095,"2021-04-28T01:12:25.131Z","2022-08-06T18:48:12.053Z",466,NA
"1","105-1-2-Pine-St,-Chester,-SC-29706","105 1/2 Pine St, Chester, SC 29706","105 1/2 Pine St","Chester","SC","29706","Chester",34.7098,-81.2113,"Single Family",NA,3,2,1474,NA,NA,"Inactive",1195,"2020-12-18T00:57:40.650Z","2022-08-06T18:06:02.343Z",597,NA
"1","2787-Dawson-Dr,-Chester,-SC-29706","2787 Dawson Dr, Chester, SC 29706","2787 Dawson Dr","Chester","SC","29706","Chester",34.7081,-81.2347,"Apartment",NA,3,2,NA,NA,NA,"Inactive",900,"2020-07-22T02:02:52.454Z","2020-08-08T21:17:00.862Z",18,NA
"1","141-Center-St,-Chester,-SC-29706","141 Center St, Chester, SC 29706","141 Center St","Chester","SC","29706","Chester",34.7064,-81.2157,"Single Family",NA,2,1,NA,NA,NA,"Inactive",690,"2020-05-06T03:42:52.230Z","2020-05-29T21:31:28.183Z",24,NA
"1","143-Loomis-St,-Chester,-SC-29706","143 Loomis St, Chester, SC 29706","143 Loomis St","Chester","SC","29706","Chester",34.7092,-81.1994,"Single Family",NA,2,1,1040,NA,NA,"Inactive",749,"2020-02-18T02:42:51.636Z","2020-05-08T21:31:42.885Z",81,NA
"1","2845-Blaney-Rd,-Chester,-SC-29706","2845 Blaney Rd, Chester, SC 29706","2845 Blaney Rd","Chester","SC","29706","Chester",34.7667,-81.1229,"Single Family",NA,3,1.5,2124,NA,NA,"Inactive",1495,"2020-02-18T02:42:51.637Z","2020-05-04T21:21:37.998Z",77,NA
"1","142-01-Gadsden-St,-Chester,-SC-29706","142-01 Gadsden St, Chester, SC 29706","142-01 Gadsden St","Chester","SC","29706","Chester",34.7054,-81.2119,"Single Family",NA,2,2,1003,NA,NA,"Inactive",850,"2020-02-18T02:42:51.635Z","2020-02-25T09:18:46.652Z",8,NA
"1","109-Graham-St,-Chester,-SC-29706","109 Graham St, Chester, SC 29706","109 Graham St","Chester","SC","29706","Chester",34.7073,-81.2024,"Single Family",NA,2,1,1317,NA,NA,"Inactive",895,NA,"2020-02-20T02:20:05.953Z",NA,NA
"1","608-Summersby-St,-Chester,-SC-29706","608 Summersby St, Chester, SC 29706","608 Summersby St","Chester","SC","29706","Chester",34.7196,-81.1918,"Single Family",NA,2,1,918,NA,NA,"Inactive",850,NA,"2020-02-20T02:09:22.006Z",NA,NA
"1","1105-Carnation-Ln,-Sharon,-SC-29742","1105 Carnation Ln, Sharon, SC 29742","1105 Carnation Ln","Sharon","SC","29742","York",34.9328,-81.3616,"Single Family","Standard",4,1,1175,NA,NA,"Inactive",1500,"2025-10-07T00:00:00.000Z","2025-10-08T00:00:00.000Z",1,NA
"1","4641-Hickory-Grove-Rd,-Sharon,-SC-29742","4641 Hickory Grove Rd, Sharon, SC 29742","4641 Hickory Grove Rd","Sharon","SC","29742","York",34.9529,-81.3813,"Single Family","Standard",3,2,1561,40075,2005,"Inactive",2200,"2025-07-16T00:00:00.000Z","2025-08-09T00:00:00.000Z",24,NA
"1","3019-Pratt-St,-Sharon,-SC-29742","3019 Pratt St, Sharon, SC 29742","3019 Pratt St","Sharon","SC","29742","York",34.9492,-81.3388,"Single Family","Standard",3,2,1500,20909,2002,"Inactive",2000,"2025-01-06T00:00:00.000Z","2025-01-28T00:00:00.000Z",22,NA
"1","3009-Pratt-St,-Sharon,-SC-29742","3009 Pratt St, Sharon, SC 29742","3009 Pratt St","Sharon","SC","29742","York",34.9476,-81.3381,"Single Family","Standard",3,2,3000,435600,1989,"Inactive",2500,"2024-07-20T00:00:00.000Z","2024-08-13T00:00:00.000Z",24,NA
"1","2420-Creekside-Dr,-Sharon,-SC-29742","2420 Creekside Dr, Sharon, SC 29742","2420 Creekside Dr","Sharon","SC","29742","York",34.8737,-81.3195,"Single Family",NA,3,2,1792,NA,NA,"Inactive",1450,"2023-02-22T00:00:00.000Z","2024-02-14T00:00:00.000Z",357,NA
"1","2420-Creekside-Dr,-Rock-Hill,-SC-29742","2420 Creekside Dr, Rock Hill, SC 29742","2420 Creekside Dr","Rock Hill","SC","29742","York",34.8737,-81.3195,"Single Family",NA,3,2,NA,NA,NA,"Inactive",1450,"2023-02-22T00:00:00.000Z","2023-04-07T00:00:00.000Z",44,NA
"1","3516-Minnow-Bridge-Rd,-Carlisle,-SC-29031","3516 Minnow Bridge Rd, Carlisle, SC 29031","3516 Minnow Bridge Rd","Carlisle","SC","29031","Chester",34.5987,-81.3997,"Single Family","Standard",3,1.5,1136,NA,NA,"Inactive",1300,"2023-01-18T00:00:00.000Z","2025-03-14T00:00:00.000Z",786,NA
"1","808-Dearborn-St,-Great-Falls,-SC-29055","808 Dearborn St, Great Falls, SC 29055","808 Dearborn St","Great Falls","SC","29055","Chester",34.5673,-80.89,"Apartment","Standard",2,2,1100,NA,NA,"Inactive",1020,"2025-01-28T00:00:00.000Z","2025-08-26T00:00:00.000Z",210,NA
"1","206-Chester-Ave,-Great-Falls,-SC-29055","206 Chester Ave, Great Falls, SC 29055","206 Chester Ave","Great Falls","SC","29055","Chester",34.5867,-80.9143,"Single Family","Standard",3,1,1133,NA,NA,"Inactive",1500,"2025-04-07T00:00:00.000Z","2025-04-08T00:00:00.000Z",1,NA
"1","3328-Ridgeway-Rd,-Great-Falls,-SC-29055","3328 Ridgeway Rd, Great Falls, SC 29055","3328 Ridgeway Rd","Great Falls","SC","29055","Chester",34.5469,-80.9149,"Single Family","Standard",3,2,1200,NA,1948,"Inactive",1300,"2024-11-12T00:00:00.000Z","2024-12-05T00:00:00.000Z",23,NA
"1","114-Hollybrook-Drive-Great-Fls,---SC29055,-Great-Falls,-SC-29055","114 Hollybrook Drive Great Fls, # SC29055, Great Falls, SC 29055","114 Hollybrook Drive Great Fls","Great Falls","SC","29055","Chester",34.5874,-80.9118,"Single Family","Standard",3,1,1059,NA,NA,"Inactive",1325,"2024-09-09T00:00:00.000Z","2024-10-01T00:00:00.000Z",22,"# SC29055"
"1","114-Hollybrook-Dr,-Great-Falls,-SC-29055","114 Hollybrook Dr, Great Falls, SC 29055","114 Hollybrook Dr","Great Falls","SC","29055","Chester",34.5873,-80.9119,"Single Family","Standard",3,1,1059,NA,NA,"Inactive",1325,"2024-09-27T00:00:00.000Z","2024-09-28T00:00:00.000Z",1,NA
"1","45-Holly-St,-Great-Falls,-SC-29055","45 Holly St, Great Falls, SC 29055","45 Holly St","Great Falls","SC","29055","Chester",34.5639,-80.901,"Single Family",NA,4,2,1656,NA,NA,"Inactive",1500,"2024-04-22T00:00:00.000Z","2024-07-18T00:00:00.000Z",87,NA
"1","22-Broad-St,-Great-Falls,-SC-29055","22 Broad St, Great Falls, SC 29055","22 Broad St","Great Falls","SC","29055","Chester",34.5718,-80.8892,"Single Family",NA,3,2,1582,NA,1942,"Inactive",900,"2024-01-30T00:00:00.000Z","2024-02-03T00:00:00.000Z",4,NA
"1","5215-Golf-Course-Fal-Rd,-Unit-Great,-Great-Falls,-SC-29055","5215 Golf Course Fal Rd, Unit Great, Great Falls, SC 29055","5215 Golf Course Fal Rd","Great Falls","SC","29055","Chester",34.5753,-80.9207,"Single Family",NA,3,2,1836,NA,NA,"Inactive",900,"2023-01-31T00:00:00.000Z","2023-02-02T00:00:00.000Z",2,"Unit Great"
"1","5215-Golf-Course-Rd,-Great-Falls,-SC-29055","5215 Golf Course Rd, Great Falls, SC 29055","5215 Golf Course Rd","Great Falls","SC","29055","Chester",34.5733,-80.9234,"Single Family",NA,3,2,1836,NA,1988,"Inactive",900,"2023-01-30T21:33:31.000Z","2023-02-01T00:00:00.000Z",2,NA
"1","102-Dogwood-Dr,-Great-Falls,-SC-29055","102 Dogwood Dr, Great Falls, SC 29055","102 Dogwood Dr","Great Falls","SC","29055","Chester",34.5887,-80.9134,"Single Family",NA,3,2,1910,NA,1964,"Inactive",890,"2022-12-02T21:17:30.000Z","2022-12-12T03:49:43.138Z",10,NA
"1","36-Brookline-St,-Great-Falls,-SC-29055","36 Brookline St, Great Falls, SC 29055","36 Brookline St","Great Falls","SC","29055","Chester",34.5662,-80.8927,"Single Family",NA,2,1,NA,NA,NA,"Inactive",1099,"2022-10-10T08:23:45.000Z","2022-11-26T03:47:41.236Z",47,NA
"1","7-Elm-St,-Great-Falls,-SC-29055","7 Elm St, Great Falls, SC 29055","7 Elm St","Great Falls","SC","29055","Chester",34.5701,-80.8989,"Single Family",NA,2,2,950,NA,NA,"Inactive",750,"2021-06-16T00:05:18.754Z","2022-08-08T03:24:42.252Z",419,NA
"1","410-Sunset-Ave,-Great-Falls,-SC-29055","410 Sunset Ave, Great Falls, SC 29055","410 Sunset Ave","Great Falls","SC","29055","Chester",34.5785,-80.9162,"Single Family",NA,4,2,1432,NA,NA,"Inactive",875,"2021-08-18T01:35:06.801Z","2022-08-08T03:24:42.252Z",356,NA
"1","23-Pendleton-St,-Great-Falls,-SC-29055","23 Pendleton St, Great Falls, SC 29055","23 Pendleton St","Great Falls","SC","29055","Chester",34.5744,-80.8893,NA,NA,3,2,NA,NA,NA,"Inactive",725,"2020-04-27T14:44:42.575Z","2020-07-01T21:13:35.516Z",66,NA
"1","102-Mcdowell-Ave,-Great-Falls,-SC-29055","102 Mcdowell Ave, Great Falls, SC 29055","102 Mcdowell Ave","Great Falls","SC","29055","Chester",34.587,-80.9181,"Single Family",NA,4,2.5,1969,NA,NA,"Inactive",1950,NA,"2020-02-19T21:53:08.971Z",NA,NA
"1","514-Carabrook-Rd,-Fort-Lawn,-SC-29714","514 Carabrook Rd, Fort Lawn, SC 29714","514 Carabrook Rd","Fort Lawn","SC","29714","Chester",34.7113,-80.8936,"Apartment","Standard",2,1,1000,NA,NA,"Inactive",950,"2023-09-20T00:00:00.000Z","2025-10-08T00:00:00.000Z",749,NA
"1","5813-Oak-St,-Fort-Lawn,-SC-29714","5813 Oak St, Fort Lawn, SC 29714","5813 Oak St","Fort Lawn","SC","29714","Chester",34.6965,-80.8979,"Single Family","Standard",3,1,1105,12197,2000,"Inactive",1595,"2025-01-22T00:00:00.000Z","2025-02-20T00:00:00.000Z",29,NA
"1","514-Carobrook-Rd,-Unit-Carobrook,-Fort-Lawn,-SC-29714","514 Carobrook Rd, Unit Carobrook, Fort Lawn, SC 29714","514 Carobrook Rd","Fort Lawn","SC","29714","Chester",34.7113,-80.8936,"Apartment",NA,2,2,1000,NA,NA,"Inactive",965,"2023-06-02T00:00:00.000Z","2024-06-01T00:00:00.000Z",365,"Unit Carobrook"
"1","5611-Shirley-Rd,-Lot-43,-Fort-Lawn,-SC-29714","5611 Shirley Rd, Lot 43, Fort Lawn, SC 29714","5611 Shirley Rd","Fort Lawn","SC","29714","Chester",34.6962,-80.9028,"Manufactured",NA,2,2,NA,896,1998,"Inactive",1050,"2023-09-19T00:00:00.000Z","2023-10-05T00:00:00.000Z",16,"Lot 43"
"1","1575-Riverview-Cir,-Fort-Lawn,-SC-29714","1575 Riverview Cir, Fort Lawn, SC 29714","1575 Riverview Cir","Fort Lawn","SC","29714","Chester",34.6497,-80.9028,"Single Family",NA,3,2,1242,NA,NA,"Inactive",1695,"2022-03-02T00:56:13.801Z","2023-08-12T00:00:00.000Z",528,NA
"1","5611-Shirley-Rd,-Lot-13,-Fort-Lawn,-SC-29714","5611 Shirley Rd, Lot 13, Fort Lawn, SC 29714","5611 Shirley Rd","Fort Lawn","SC","29714","Chester",34.696,-80.9038,"Manufactured",NA,2,2,NA,NA,1996,"Inactive",1050,"2023-08-03T00:00:00.000Z","2023-08-11T00:00:00.000Z",8,"Lot 13"
"1","4640-Mel-Nunnery-Rd,-Fort-Lawn,-SC-29714","4640 Mel Nunnery Rd, Fort Lawn, SC 29714","4640 Mel Nunnery Rd","Fort Lawn","SC","29714","Chester",34.7554,-80.9666,"Single Family",NA,1,1,NA,NA,NA,"Inactive",700,"2023-01-12T00:00:00.000Z","2023-02-27T00:00:00.000Z",46,NA
"1","4650-Mel-Nunnery-Rd,-Fort-Lawn,-SC-29714","4650 Mel Nunnery Rd, Fort Lawn, SC 29714","4650 Mel Nunnery Rd","Fort Lawn","SC","29714","Chester",34.7544,-80.9662,"Single Family",NA,1,1,NA,NA,NA,"Inactive",700,"2023-01-12T08:48:00.000Z","2023-01-31T00:00:00.000Z",19,NA
"1","741-Lawndale-Cir,-Fort-Lawn,-SC-29714","741 Lawndale Cir, Fort Lawn, SC 29714","741 Lawndale Cir","Fort Lawn","SC","29714","Chester",34.6868,-80.913,"Single Family",NA,3,2,NA,NA,NA,"Inactive",995,NA,"2020-02-20T01:43:47.230Z",NA,NA
"1","1202-Old-Ft-Dr,-Edgemoor,-SC-29712","1202 Old Ft Dr, Edgemoor, SC 29712","1202 Old Ft Dr","Edgemoor","SC","29712","Chester",34.7834,-81.009,"Single Family","Standard",3,2,1938,NA,NA,"Inactive",2600,"2025-10-06T00:00:00.000Z","2025-10-16T00:00:00.000Z",10,NA
"1","3639-B-Hamilton-Rd,-Edgemoor,-SC-29712","3639-B Hamilton Rd, Edgemoor, SC 29712","3639-B Hamilton Rd","Edgemoor","SC","29712","Chester",34.7981,-81.0132,"Single Family","Standard",3,2,NA,NA,NA,"Inactive",2250,"2025-10-04T00:00:00.000Z","2025-10-05T00:00:00.000Z",1,NA
"1","1040-Old-Trade-St,-Edgemoor,-SC-29712","1040 Old Trade St, Edgemoor, SC 29712","1040 Old Trade St","Edgemoor","SC","29712","Chester",34.7837,-81.0084,"Single Family","New Construction",3,2.5,2000,8712,2024,"Inactive",1995,"2024-12-11T00:00:00.000Z","2025-01-03T00:00:00.000Z",23,NA
"1","1048-Old-Trade-St,-Edgemoor,-SC-29712","1048 Old Trade St, Edgemoor, SC 29712","1048 Old Trade St","Edgemoor","SC","29712","Chester",34.7837,-81.0089,"Single Family","New Construction",3,2.5,1800,8712,2024,"Inactive",1995,"2024-12-11T00:00:00.000Z","2024-12-31T00:00:00.000Z",20,NA
"1","2229-Starnes-Rd,-Edgemoor,-SC-29712","2229 Starnes Rd, Edgemoor, SC 29712","2229 Starnes Rd","Edgemoor","SC","29712","Chester",34.8022,-81.0027,"Single Family",NA,3,2,NA,NA,NA,"Inactive",2200,"2024-06-05T00:00:00.000Z","2024-06-22T00:00:00.000Z",17,NA
"1","1845-Bechtler-Rd,-Unit-B,-Edgemoor,-SC-29712","1845 Bechtler Rd, Unit B, Edgemoor, SC 29712","1845 Bechtler Rd","Edgemoor","SC","29712","York",34.8316,-81.0258,"Apartment",NA,2,2,NA,43560,2005,"Inactive",1400,"2023-09-23T00:00:00.000Z","2023-12-09T00:00:00.000Z",77,"Unit B"
"1","4666-Blade-Run-Rd,-Edgemoor,-SC-29712","4666 Blade Run Rd, Edgemoor, SC 29712","4666 Blade Run Rd","Edgemoor","SC","29712","Chester",34.7537,-80.9601,"Single Family",NA,3,2,1675,NA,NA,"Inactive",1500,"2022-10-31T04:04:21.000Z","2022-11-28T03:49:52.047Z",28,NA
"1","3979-Berryhill-Rd,-Edgemoor,-SC-29712","3979 Berryhill Rd, Edgemoor, SC 29712","3979 Berryhill Rd","Edgemoor","SC","29712","Chester",34.8205,-81.0069,"Single Family",NA,3,2,1432,NA,1989,"Inactive",1195,"2021-11-06T01:15:15.779Z","2022-10-04T03:39:54.055Z",333,NA
"1","1845-B-Bechtler-Rd,-Edgemoor,-SC-29712","1845-B Bechtler Rd, Edgemoor, SC 29712","1845-B Bechtler Rd","Edgemoor","SC","29712","York",34.8316,-81.0257,"Multi-Family",NA,1,1,NA,43560,1960,"Inactive",1250,"2022-08-27T02:58:22.000Z","2022-09-13T03:27:54.013Z",18,NA
"1","1204-Carl-Allen-Rd,-Edgemoor,-SC-29712","1204 Carl Allen Rd, Edgemoor, SC 29712","1204 Carl Allen Rd","Edgemoor","SC","29712","Chester",34.7574,-80.9464,"Single Family",NA,3,1.5,NA,NA,NA,"Inactive",1625,"2021-11-05T00:29:00.747Z","2022-08-08T03:59:48.234Z",277,NA
"1","4760-Harmony-Church-Rd,-Edgemoor,-SC-29712","4760 Harmony Church Rd, Edgemoor, SC 29712","4760 Harmony Church Rd","Edgemoor","SC","29712","Chester",34.765,-80.9719,"Single Family",NA,3,1,1600,NA,NA,"Inactive",995,NA,"2020-02-20T02:23:57.262Z",NA,NA
"1","3303-Edgeland-Rd,-Richburg,-SC-29729","3303 Edgeland Rd, Richburg, SC 29729","3303 Edgeland Rd","Richburg","SC","29729","Chester",34.7495,-81.0284,"Single Family","Standard",5,3.5,4667,NA,NA,"Active",4500,"2025-12-03T00:00:00.000Z","list()",1,NA
"1","600-Lamorak-Pl,-Lando,-SC-29729","600 Lamorak Pl, Lando, SC 29729","600 Lamorak Pl","Lando","SC","29729","Chester",34.747,-81.0218,"Single Family","Standard",4,2.5,1825,NA,NA,"Inactive",2375,"2024-08-28T00:00:00.000Z","2025-09-06T00:00:00.000Z",374,NA
"1","3343-Js-Gaston-Rd,-Richburg,-SC-29729","3343 Js Gaston Rd, Richburg, SC 29729","3343 Js Gaston Rd","Richburg","SC","29729","Chester",34.757,-81.0253,"Single Family",NA,2,1,NA,NA,NA,"Inactive",895,"2021-06-16T00:05:18.754Z","2023-02-02T00:00:00.000Z",596,NA
"1","2246-Old-Richburg-Rd,-Richburg,-SC-29729","2246 Old Richburg Rd, Richburg, SC 29729","2246 Old Richburg Rd","Richburg","SC","29729","Chester",34.7148,-81.0441,"Single Family",NA,3,2,1842,NA,1962,"Inactive",900,"2023-01-24T21:18:40.000Z","2023-02-01T00:00:00.000Z",8,NA
"1","3459-Edgeland-Rd,-Richburg,-SC-29729","3459 Edgeland Rd, Richburg, SC 29729","3459 Edgeland Rd","Richburg","SC","29729","Chester",34.7574,-81.0236,"Single Family",NA,3,2,NA,NA,NA,"Inactive",1595,"2021-07-04T01:38:59.704Z","2022-08-08T03:25:49.107Z",401,NA
"1","3491-Gaston-Farm-Rd,-Richburg,-SC-29729","3491 Gaston Farm Rd, Richburg, SC 29729","3491 Gaston Farm Rd","Richburg","SC","29729","Chester",34.7813,-81.0218,"Single Family",NA,3,2,NA,NA,NA,"Inactive",1375,"2021-02-15T02:10:43.739Z","2022-08-06T18:32:51.150Z",538,NA
"1","3641-Edgeland-Rd,-Richburg,-SC-29729","3641 Edgeland Rd, Richburg, SC 29729","3641 Edgeland Rd","Richburg","SC","29729","Chester",34.7672,-81.0182,"Single Family",NA,2,1,NA,NA,NA,"Inactive",795,"2020-11-07T00:20:05.518Z","2020-11-09T04:02:30.656Z",3,NA
